{
  "config": {
    "in_dim": 66,
    "hidden_sizes": [
      128,
      64
    ],
    "num_classes": 4,
    "dropout": 0.3,
    "attention": true,
    "use_z": false,
    "batch_size": 32,
    "lr": 0.001,
    "epochs": 50,
    "patience": 20,
    "device": "cpu"
  },
  "training_history": {
    "train_loss": [
      0.6476088497373793,
      0.4694547570414013,
      0.34572748839855194,
      0.273332798646556,
      0.22469241006506813,
      0.17528950505786473,
      0.14634491627415022,
      0.13211706901590028,
      0.11705226533942753,
      0.10029944756792651,
      0.08474278988109694,
      0.08091335081391865,
      0.06766082988017136,
      0.06806861847225162,
      0.07863372212482823,
      0.07000028507577048,
      0.059553829953074455,
      0.06648093989739816,
      0.05010472641636928,
      0.05793236785878738,
      0.05565807150883807,
      0.04544340819120407,
      0.05167032421256105,
      0.0409417279685537,
      0.05702531787877282,
      0.04561793907648987,
      0.04285594344966941,
      0.035439577936712235,
      0.03791113647942742,
      0.041432461960034236,
      0.03647648382724987,
      0.03895912547078398,
      0.04725811239849362,
      0.03634691582475272,
      0.03178018709230754,
      0.0369542657604648,
      0.0501840109936893,
      0.03916363800979323,
      0.027443261196215946,
      0.031394541185970105,
      0.07237840060972506,
      0.047765461158835225,
      0.04247003271140986,
      0.031394271231773824,
      0.026291674106485315,
      0.027858045262595017,
      0.02660963857649929,
      0.026593912806775834,
      0.020174687831766076,
      0.03825405630696979
    ],
    "val_loss": [
      0.8824711441993713,
      0.4273688793182373,
      0.27627890557050705,
      0.17442085221409798,
      0.18662384897470474,
      0.11776409484446049,
      0.11329671740531921,
      0.09058856964111328,
      0.07517234515398741,
      0.08485635742545128,
      0.0639767893590033,
      0.06557853147387505,
      0.06152471248060465,
      0.05546283954754472,
      0.05028105666860938,
      0.06430893670767546,
      0.1014458229765296,
      0.05985669884830713,
      0.0448112259618938,
      0.05069882050156593,
      0.049950902815908194,
      0.05795090401079506,
      0.04175309371203184,
      0.04691820312291384,
      0.044554609805345535,
      0.05457075871527195,
      0.03971125092357397,
      0.025639882311224937,
      0.03665419318713248,
      0.029907832155004144,
      0.036305228364653885,
      0.03155549615621567,
      0.023114015581086278,
      0.042425067629665136,
      0.03572634293232113,
      0.05105495825409889,
      0.03385002305731177,
      0.024524518055841327,
      0.020713826408609748,
      0.03924838479724713,
      0.15816375985741615,
      0.05710420710965991,
      0.03084086865419522,
      0.04157378658419475,
      0.027797596994787455,
      0.028967629419639707,
      0.05053909815615043,
      0.02957321354188025,
      0.043854944582562894,
      0.018251789500936866
    ],
    "train_f1": [
      0.06131758936636986,
      0.1749849306811332,
      0.2790984518745672,
      0.43050863632025954,
      0.34763081068942286,
      0.7986990214378642,
      0.7988875750010949,
      0.7981495628554451,
      0.7986990214378642,
      0.8463969417011787,
      0.8756546670914304,
      0.8376605011595679,
      0.8843534673812306,
      0.8246733412523333,
      0.8359490525007767,
      0.8317680790060529,
      0.8458646616541353,
      0.8630797773654917,
      0.9087198515769945,
      0.8424015009380863,
      0.8806511020020198,
      0.8587092731829574,
      0.887402408882263,
      0.8988877145301726,
      0.8814539446509706,
      0.8656367041198502,
      0.9147507871442999,
      0.8930102516309413,
      0.8997730050637331,
      0.8572663437969947,
      0.8962722015695994,
      0.8935064935064936,
      0.8610258043963046,
      0.8555538779002466,
      0.8814539446509706,
      0.9062091503267974,
      0.8463969417011787,
      0.8522003745318352,
      0.9374727668845315,
      0.8708600253401381,
      0.8740399385560675,
      0.869998490110222,
      0.9103061296967114,
      0.9103061296967114,
      0.913332326740148,
      0.911090458488228,
      0.8899592619218788,
      0.9218409586056644,
      0.9277769389501234,
      0.9567164854389432
    ],
    "val_f1": [
      0.008547008547008548,
      0.23717948717948717,
      0.4526143790849673,
      0.4785587975243148,
      0.586870026525199,
      0.586870026525199,
      0.586870026525199,
      0.586870026525199,
      0.5670995670995671,
      0.606819265617549,
      0.6176046176046176,
      0.606819265617549,
      0.6176046176046176,
      0.586870026525199,
      0.6176046176046176,
      0.578966521106259,
      0.586870026525199,
      0.5971014492753624,
      0.6147186147186147,
      0.5497584541062802,
      0.586870026525199,
      0.606819265617549,
      0.6176046176046176,
      0.586870026525199,
      0.5627794977640179,
      0.606819265617549,
      0.5497584541062802,
      0.6176046176046176,
      0.6176046176046176,
      0.6381520778072503,
      0.5971014492753624,
      0.6381520778072503,
      0.6381520778072503,
      0.5598555211558308,
      0.6381520778072503,
      0.5627794977640179,
      0.6206331877729258,
      0.6381520778072503,
      0.6147186147186147,
      0.6381520778072503,
      0.4046708114139965,
      0.5881873062489803,
      0.6381520778072503,
      0.6176046176046176,
      0.6049191606467148,
      0.6176046176046176,
      0.606819265617549,
      0.6147186147186147,
      0.6381520778072503,
      0.6381520778072503
    ],
    "train_acc": [
      0.08536585365853659,
      0.367595818815331,
      0.6951219512195121,
      0.8344947735191638,
      0.8780487804878049,
      0.945993031358885,
      0.9442508710801394,
      0.9494773519163763,
      0.945993031358885,
      0.9634146341463414,
      0.9703832752613241,
      0.9564459930313589,
      0.9738675958188153,
      0.9529616724738676,
      0.9599303135888502,
      0.9599303135888502,
      0.9581881533101045,
      0.9686411149825784,
      0.9790940766550522,
      0.9581881533101045,
      0.975609756097561,
      0.9616724738675958,
      0.9738675958188153,
      0.975609756097561,
      0.9721254355400697,
      0.9651567944250871,
      0.9825783972125436,
      0.9738675958188153,
      0.9773519163763066,
      0.9634146341463414,
      0.975609756097561,
      0.975609756097561,
      0.9668989547038328,
      0.9651567944250871,
      0.9721254355400697,
      0.9790940766550522,
      0.9634146341463414,
      0.9616724738675958,
      0.9860627177700348,
      0.9668989547038328,
      0.9738675958188153,
      0.9686411149825784,
      0.980836236933798,
      0.980836236933798,
      0.9790940766550522,
      0.9790940766550522,
      0.9721254355400697,
      0.9825783972125436,
      0.9825783972125436,
      0.9912891986062717
    ],