{
  "model_info": {
    "nombre": "BiGRU + Attention - Bulgarian Squat Classifier",
    "framework": "PyTorch",
    "arquitectura": "BiGRUClassifierImproved",
    "parametros_totales": 291911,
    "mejor_epoch": 2
  },
  "metricas": {
    "f1_score_macro": 0.8839244130189692,
    "f1_score_micro": 0.8839449541284403,
    "accuracy": 0.8839449541284403
  },
  "per_class": {
    "precision": [
      0.8795180722891566,
      0.888283378746594
    ],
    "recall": [
      0.8852611940298507,
      0.8826714801444043
    ],
    "f1_score": [
      0.8823802882380288,
      0.8854685377999094
    ],
    "support": [
      1072,
      1108
    ]
  },
  "confusion_matrix": [
    [
      949,
      123
    ],
    [
      130,
      978
    ]
  ],
  "confusion_matrix_normalized": [
    [
      0.8852611940298507,
      0.11473880597014925
    ],
    [
      0.11732851985559567,
      0.8826714801444043
    ]
  ],
  "training_history": {
    "train_loss": [
      0.2572501975225239,
      0.16581521730233983,
      0.14714911873565942,
      0.13281715972031036,
      0.13965328725554593,
      0.12923083187239925,
      0.1203389225391353,
      0.12395006700805047,
      0.11180234346538782,
      0.1162881826482168,
      0.10293126617808168,
      0.10926808262834461,
      0.10138165453539752,
      0.10383290568048634,
      0.09924487292812001,
      0.09632789713398712,
      0.09580728521615994,
      0.0938124203827323,
      0.09170495789588952,
      0.09432939140625843,
      0.09231895456862886,
      0.09197390969933533
    ],
    "train_acc": [
      0.8908396946564886,
      0.9322137404580153,
      0.9409160305343511,
      0.9436641221374046,
      0.9425954198473282,
      0.9458015267175572,
      0.9505343511450381,
      0.9525190839694656,
      0.9534351145038168,
      0.9566412213740458,
      0.9589312977099237,
      0.9566412213740458,
      0.9604580152671756,
      0.9586259541984733,
      0.9595419847328245,
      0.9629007633587786,
      0.9609160305343512,
      0.9645801526717557,
      0.9625954198473282,
      0.9603053435114504,
      0.9651908396946565,
      0.9621374045801526
    ],
    "val_loss": [
      0.12763117123471857,
      0.046011554782466636,
      0.12233001912020361,
      0.0651814192533493,
      0.06216349657011743,
      0.07698133550469338,
      0.06754114094224793,
      0.07268036458135387,
      0.06602569188493392,
      0.0986651950879904,
      0.15540487078543552,
      0.07708407703925062,
      0.0847010578253065,
      0.0960755289969161,
      0.09878450913791671,
      0.07618941886660953,
      0.10230326006541589,
      0.1937842630118193,
      0.06733943746758649,
      0.06487429126763693,
      0.08591629740870232,
      0.08320424172628686
    ],
    "val_acc": [
      0.9736198687427615,
      0.9916355681379487,
      0.9642259683438424,
      0.9822416677390298,
      0.9778664264573413,
      0.9724617166387852,
      0.9729764509072192,
      0.9727190837730022,
      0.9794106292626431,
      0.9658988547162527,
      0.9476257881868485,
      0.9724617166387852,
      0.9743919701454125,
      0.9733625016085445,
      0.9715609316690259,
      0.9729764509072192,
      0.9691159438939647,
      0.931926392999614,
      0.9756788058164972,
      0.9750353879809548,
      0.9678291082228799,
      0.9692446274610732
    ],
    "val_f1": [
      0.9521703134417645,
      0.9840558527944689,
      0.9366893400591557,
      0.9665885069733069,
      0.9587924209811842,
      0.9479113340585055,
      0.950365309569658,
      0.9474086975619909,
      0.9608191030947666,
      0.9373057219916731,
      0.9102707950424198,
      0.94999230185393,
      0.9535411654237269,
      0.9517036823533915,
      0.948725176222676,
      0.9507105561823124,
      0.943916600210015,
      0.8883152589926484,
      0.9555412457147289,
      0.9544083826152258,
      0.9419428546155244,
      0.9450243383770119
    ]
  }
}